"SNP ID","Cell type","Position (chr17)","Padj(eQTL)","Effect size","GWAS","pieQTL"
"rs2872516","T cell, CD4, naive TREG","38072727","0.004","-0.68","9","false"
"rs566442414","T cell, CD4, naive TREG","38071855","0.011","-0.65","0","false"
"rs143385463","T cell, CD4, naive TREG","38071855","0.011","-0.65","9","false"
"rs10610202","T cell, CD4, naive TREG","38071855","0.011","-0.65","0","false"
"rs9303280","T cell, CD4, naive TREG","38074031","0.011","-0.64","9","false"
"rs3816470","T cell, CD4, naive TREG","37985801","0.012","0.59","9","false"
"rs9303277","T cell, CD4, naive TREG","37976469","0.013","0.57","9","false"
"rs2313430","T cell, CD4, naive TREG","37929816","0.013","-0.57","9","false"
"rs2952144","T cell, CD4, naive TREG","37960017","0.013","-0.57","9","false"
"rs71152606","T cell, CD4, naive TREG","37975214","0.013","0.57","0","false"
"rs113897057","T cell, CD4, naive TREG","37975214","0.013","0.57","9","false"
"rs150597688","T cell, CD4, naive TREG","38071086","0.015","-0.62","9","false"
"rs72538185","T cell, CD4, naive TREG","37916390","0.015","-0.58","0","false"
"rs35833706","T cell, CD4, naive TREG","37916390","0.015","-0.58","9","false"
"rs1031458","T cell, CD4, naive TREG","38072173","0.018","-0.62","9","false"
"rs1031460","T cell, CD4, naive TREG","38072247","0.018","-0.62","9","false"
"rs10445308","T cell, CD4, naive TREG","37938047","0.018","0.59","9","false"
"rs12942330","T cell, CD4, naive TREG","37939839","0.018","0.59","9","false"
"rs4795395","T cell, CD4, naive TREG","37962987","0.018","0.59","9","false"
"rs7221605","T cell, CD4, naive TREG","38070789","0.018","-0.62","9","false"
"rs8065777","T cell, CD4, naive TREG","38072402","0.018","-0.62","9","false"
"rs9909593","T cell, CD4, naive TREG","37970149","0.018","0.59","9","false"
"rs12603332","T cell, CD4, naive TREG","38082807","0.019","-0.58","9","false"
"rs1453559","T cell, CD4, naive TREG","38020419","0.021","0.57","9","false"
"rs35564481","T cell, CD4, naive TREG","38020058","0.021","0.57","9","false"
"rs397703096","T cell, CD4, naive TREG","38020058","0.021","0.57","0","false"
"rs907091","T cell, CD4, naive TREG","37921742","0.021","-0.54","9","false"